,ip,port,place
0,1.224.3.122,3888,海南省
1,60.188.5.211,80,贵州省安顺市
2,8.210.37.63,59394,云南省玉溪市
3,5.189.140.235,8118,福建省泉州市
4,121.37.199.23,30001,江苏省徐州市
5,39.107.33.254,8090,西藏自治区昌都地区
6,60.188.5.152,80,辽宁省鞍山市
7,8.130.36.245,8080,内蒙古自治区通辽市
8,123.57.1.16,8029,天津市市辖区
9,47.92.247.250,10000,陕西省宝鸡市
10,124.70.205.56,20000,安徽省马鞍山市
11,49.0.199.132,3128,浙江省宁波市
12,41.65.227.118,1976,广东省深圳市
13,103.216.50.225,8080,辽宁省本溪市
14,116.63.130.30,443,内蒙古自治区包头市
15,120.79.31.133,20002,湖南省长沙市
16,115.29.151.41,50001,辽宁省沈阳市
17,115.29.149.2,8003,山东省淄博市
18,117.71.154.249,8089,青海省西宁市
19,31.7.38.227,8080,河北省唐山市
20,5.61.35.147,8118,湖南省株洲市
21,144.76.42.215,8118,内蒙古自治区包头市
22,140.210.196.193,8999,湖北省十堰市
23,120.46.197.14,8083,北京市
24,101.132.25.152,999,陕西省咸阳市
25,124.70.55.29,8089,江苏省苏州市
26,95.67.79.254,8080,陕西省渭南市
27,39.173.102.18,80,黑龙江省鸡西市
28,45.136.50.113,3128,江苏省徐州市
29,61.160.223.141,7302,重庆市
30,203.30.188.153,80,贵州省安顺市
31,213.145.149.189,80,四川省攀枝花市
32,185.196.189.254,3199,云南省昭通市
33,164.132.50.189,80,湖南省株洲市
34,195.200.210.239,3199,上海市上海周边
35,113.143.37.82,9002,广东省珠海市
36,45.152.208.24,8055,江西省新余市
37,67.205.158.52,80,北京市
38,47.51.51.190,8080,贵州省遵义市
39,140.227.199.207,3128,湖南省衡阳市
40,36.37.120.237,80,黑龙江省双鸭山市
41,68.183.104.99,80,宁夏回族自治区石嘴山市
42,111.20.217.178,9091,四川省德阳市
43,60.188.5.150,80,浙江省温州市
44,78.46.21.80,8080,吉林省辽源市
45,102.132.48.16,8080,浙江省温州市
46,54.80.94.26,80,江苏省徐州市
47,68.183.51.120,80,辽宁省鞍山市
48,8.134.140.146,9999,陕西省渭南市
49,194.233.82.89,80,辽宁省沈阳市
50,223.84.240.36,9091,四川省德阳市
51,60.188.5.224,80,云南省曲靖市
52,35.240.156.235,8080,浙江省湖州市
53,206.189.156.61,80,山东省枣庄市
54,185.245.81.151,12444,北京市
55,134.175.113.90,808,内蒙古自治区乌海市
56,8.134.139.219,8080,黑龙江省哈尔滨市
57,34.102.180.81,80,广东省广州市
58,82.223.16.105,8080,河南省开封市
59,93.118.109.93,8080,安徽省淮南市
60,206.189.30.235,80,内蒙古自治区赤峰市
61,104.26.12.49,80,湖北省十堰市
62,185.195.105.112,12333,四川省泸州市
63,46.188.84.67,81,辽宁省本溪市
64,60.188.5.196,80,甘肃省兰州市
65,45.133.168.80,8080,海南省
66,91.210.26.173,58080,湖北省武汉市
67,203.23.103.241,80,山西省大同市
68,78.25.120.143,3128,甘肃省金昌市
69,203.13.32.203,80,北京市
70,82.69.16.184,80,内蒙古自治区包头市
71,67.205.134.165,80,浙江省温州市
72,199.60.103.31,80,江苏省常州市
73,121.156.109.108,8080,安徽省蚌埠市
74,206.189.193.196,80,海南省三亚市
75,114.80.179.226,80,上海市市辖区
76,54.165.2.226,80,辽宁省鞍山市
77,68.183.140.210,80,陕西省渭南市
78,104.16.155.36,80,甘肃省兰州市
79,185.195.107.46,23445,河南省郑州市
80,192.124.200.33,8080,重庆市市辖区
81,185.198.190.164,12444,上海市市辖区
82,213.252.245.221,8556,山西省阳泉市
83,68.183.109.120,80,上海市市辖区
84,45.12.30.112,80,河北省邢台市
85,207.223.244.28,80,辽宁省大连市
86,212.108.145.195,9090,北京市
87,212.109.198.128,3128,重庆市市
88,206.81.6.64,80,福建省三明市
89,49.71.119.177,8089,贵州省铜仁地区
90,60.188.5.148,80,吉林省吉林市
91,185.195.106.156,23445,西藏自治区日喀则地区
92,142.93.178.234,80,北京市市辖区
93,213.230.126.26,3128,天津市
94,216.249.103.13,80,黑龙江省哈尔滨市
95,31.43.179.91,80,山东省淄博市
96,165.227.195.175,80,云南省昭通市
97,112.51.96.118,9091,河南省开封市
98,8.219.125.46,80,甘肃省兰州市
99,45.79.148.29,80,黑龙江省鹤岗市
100,178.33.26.119,80,云南省昭通市
101,35.154.18.192,80,新疆维吾尔自治区克拉玛依市
102,104.193.88.77,80,吉林省辽源市
103,165.232.68.7,80,江苏省无锡市
104,183.164.242.157,8089,贵州省安顺市
105,142.93.160.206,80,云南省保山市
106,211.32.117.72,80,甘肃省金昌市
107,161.35.115.112,80,湖北省宜昌市
108,206.189.161.123,80,黑龙江省鹤岗市
109,185.174.111.133,41002,天津市
110,185.162.229.104,80,广西壮族自治区桂林市
111,213.52.102.35,80,安徽省芜湖市
112,183.232.231.239,80,湖南省株洲市
113,172.105.252.67,80,青海省海北藏族自治州
114,206.189.169.229,80,宁夏回族自治区银川市
115,138.197.176.201,80,浙江省嘉兴市
116,142.93.102.122,80,山西省阳泉市
117,54.202.70.219,3128,上海市市辖区
118,61.111.38.5,80,青海省海东地区
119,51.77.222.51,80,福建省厦门市
120,45.133.168.61,8080,西藏自治区昌都地区
121,104.248.173.5,80,内蒙古自治区呼和浩特市
122,199.168.122.217,3199,天津市
123,140.114.245.147,8080,河南省平顶山市
124,142.93.149.152,80,新疆维吾尔自治区乌鲁木齐市
125,45.133.168.112,8080,福建省三明市
126,185.174.109.183,41002,天津市
127,213.135.235.227,80,四川省攀枝花市
128,45.12.30.76,80,西藏自治区日喀则地区
129,103.139.47.114,8182,天津市
130,120.55.49.231,1234,青海省黄南藏族自治州
131,52.13.171.28,80,云南省玉溪市
132,80.65.28.57,30962,云南省昭通市
133,203.23.104.62,80,江苏省常州市
134,172.67.181.107,80,云南省昆明市
135,47.252.1.180,3128,内蒙古自治区赤峰市
136,8.45.176.194,80,黑龙江省双鸭山市
137,158.69.53.132,9300,安徽省芜湖市
138,65.109.84.104,80,四川省攀枝花市
139,206.189.45.191,80,宁夏回族自治区吴忠市
140,157.245.141.24,80,上海市
141,47.100.254.82,80,北京市
142,165.227.42.203,80,湖北省十堰市
143,12.186.206.83,80,广西壮族自治区梧州市
144,45.12.30.123,80,陕西省咸阳市
145,185.195.104.246,12333,云南省保山市
146,42.63.65.38,80,河南省郑州市
147,154.7.6.97,80,吉林省长春市
148,42.63.65.11,80,河南省洛阳市
149,162.159.244.202,80,内蒙古自治区赤峰市
150,144.172.82.42,3199,黑龙江省齐齐哈尔市
151,185.174.111.67,41002,重庆市重庆周边
152,23.227.38.15,80,黑龙江省鸡西市
153,104.20.113.188,80,江苏省南京市
154,47.109.46.223,5678,内蒙古自治区乌海市
155,60.188.5.175,80,北京市市辖区
156,190.98.213.180,80,江西省萍乡市
157,185.174.109.239,41002,辽宁省大连市
158,208.98.208.10,80,新疆维吾尔自治区昌吉回族自治州
159,139.224.56.162,1234,新疆维吾尔自治区哈密地区
160,172.67.3.0,80,天津市
161,45.12.31.81,80,西藏自治区昌都地区
162,47.101.41.163,8080,甘肃省金昌市
163,3.89.244.8,80,河南省平顶山市
164,46.101.185.185,80,福建省三明市
165,206.189.17.30,80,江西省南昌市
166,68.183.151.198,80,广东省广州市
167,46.101.48.18,80,山东省东营市
168,61.153.153.98,80,山东省枣庄市
169,206.189.188.173,80,西藏自治区拉萨市
170,82.165.103.154,80,天津市天津周边
171,178.128.63.158,80,辽宁省抚顺市
172,206.81.7.104,80,陕西省咸阳市
173,207.180.250.187,80,陕西省西安市
174,54.174.252.180,80,海南省三亚市
175,185.174.111.182,41002,海南省省直辖县级行政单位
176,154.236.191.51,1976,江西省新余市
177,203.23.104.111,80,内蒙古自治区乌海市
178,52.226.135.84,80,贵州省六盘水市
179,172.67.182.127,80,河南省洛阳市
180,91.205.197.226,8080,黑龙江省双鸭山市
181,47.113.221.120,1080,吉林省辽源市
182,146.59.2.185,80,四川省德阳市
183,149.28.161.5,5247,陕西省西安市
184,68.183.192.244,80,云南省昆明市
185,192.117.146.111,80,浙江省温州市
186,149.19.42.71,8082,海南省省直辖县级行政单位
187,47.113.216.126,8080,广东省韶关市
188,5.153.237.130,22333,江苏省苏州市
189,203.23.104.57,80,山西省长治市
190,203.177.83.83,80,天津市天津周边
191,152.228.180.206,80,云南省曲靖市
192,104.25.124.26,80,辽宁省沈阳市
193,47.112.4.144,808,西藏自治区日喀则地区
194,52.69.19.32,80,四川省成都市
195,114.55.84.12,30001,河北省邯郸市
196,212.101.74.74,443,福建省三明市
197,14.63.162.126,8080,浙江省宁波市
198,8.219.167.110,9999,重庆市重庆周边
199,197.112.0.126,80,西藏自治区拉萨市
200,45.8.107.172,80,浙江省嘉兴市
201,164.68.113.45,80,辽宁省抚顺市
202,45.131.5.165,80,宁夏回族自治区中卫市
203,62.77.152.152,80,黑龙江省鸡西市
204,46.165.240.38,3301,安徽省蚌埠市
205,45.8.107.245,80,福建省三明市
206,62.240.163.2,8080,新疆维吾尔自治区乌鲁木齐市
207,63.141.128.172,80,安徽省淮南市
208,37.34.236.15,80,山东省淄博市
209,176.126.207.17,80,贵州省铜仁地区
210,45.8.106.11,80,吉林省四平市
211,23.227.38.167,80,北京市
212,45.8.104.182,80,湖南省长沙市
213,203.23.103.107,80,陕西省咸阳市
214,85.236.157.173,80,福建省福州市
215,45.131.4.2,80,湖北省黄石市
216,45.8.107.120,80,甘肃省天水市
217,203.23.103.7,80,广东省汕头市
218,66.235.200.112,80,广东省广州市
219,23.227.38.155,80,江西省九江市
220,216.10.7.86,3199,山西省大同市
221,203.30.189.113,80,湖北省十堰市
222,203.82.252.166,80,内蒙古自治区赤峰市
223,45.12.31.127,80,山东省枣庄市
224,8.213.128.6,1234,青海省海北藏族自治州
225,152.136.123.249,808,重庆市市辖区
226,45.8.106.170,80,四川省自贡市
227,104.22.39.231,80,湖南省长沙市
228,120.29.228.158,80,内蒙古自治区乌海市
229,203.13.32.73,80,海南省三亚市
230,78.29.38.171,80,河北省秦皇岛市
231,64.71.73.26,80,福建省三明市
232,49.0.250.196,2080,广西壮族自治区柳州市
233,45.8.104.8,80,江西省景德镇市
234,185.195.105.44,12333,安徽省芜湖市
235,185.195.105.76,12333,江西省九江市
236,203.28.8.236,80,山西省长治市
237,82.66.27.145,8118,贵州省六盘水市
238,47.92.248.86,10000,青海省黄南藏族自治州
239,203.32.120.227,80,江西省九江市
240,42.63.65.117,80,新疆维吾尔自治区昌吉回族自治州
241,3.23.44.179,80,四川省德阳市
242,47.109.53.253,45554,江苏省常州市
243,37.187.16.81,80,安徽省淮南市
244,104.16.124.175,80,上海市
245,116.63.128.247,9098,内蒙古自治区赤峰市
246,172.67.188.18,80,四川省泸州市
247,185.162.230.42,80,内蒙古自治区乌海市
248,46.17.63.166,10000,北京市
249,141.193.213.71,80,辽宁省沈阳市
250,8.134.136.224,8080,宁夏回族自治区固原市
251,95.217.4.111,8080,安徽省合肥市
252,65.108.208.126,8080,湖北省武汉市
253,163.172.202.33,80,福建省三明市
254,45.8.107.96,80,青海省黄南藏族自治州
255,202.182.59.38,80,西藏自治区山南地区
256,185.198.190.173,12444,贵州省铜仁地区
257,47.91.149.178,8443,黑龙江省双鸭山市
258,104.26.3.46,80,内蒙古自治区通辽市
259,47.92.248.197,41890,青海省海东地区
260,162.159.242.70,80,天津市市辖区
261,148.251.88.109,80,江西省萍乡市
262,149.56.96.252,9300,青海省海北藏族自治州
263,172.67.181.165,80,山西省晋城市
264,106.60.70.243,80,湖北省十堰市
265,115.239.234.43,7302,江西省新余市
266,203.23.103.158,80,湖北省十堰市
267,212.112.113.178,3128,福建省三明市
268,8.134.138.108,8081,浙江省杭州市
269,58.221.40.175,80,河北省秦皇岛市
270,212.109.198.8,3128,黑龙江省双鸭山市
271,162.247.243.131,80,江苏省苏州市
272,51.195.115.16,8080,四川省成都市
273,185.195.105.26,12333,四川省攀枝花市
274,104.19.143.108,80,河北省唐山市
275,185.174.111.123,41002,湖北省十堰市
276,84.95.240.152,80,重庆市市
277,136.226.32.233,443,云南省昭通市
278,181.177.69.117,3199,上海市上海周边
279,144.172.104.99,3199,天津市天津周边
280,60.188.5.227,80,四川省成都市
281,183.247.221.119,30001,浙江省嘉兴市
282,34.82.82.224,8888,山西省晋城市
283,203.24.103.30,80,福建省莆田市
284,202.4.186.76,80,湖北省宜昌市
285,203.32.121.97,80,新疆维吾尔自治区哈密地区
286,18.116.189.103,80,宁夏回族自治区石嘴山市
287,185.195.104.72,12333,广西壮族自治区梧州市
288,47.94.57.119,80,黑龙江省鸡西市
289,170.64.150.114,80,陕西省铜川市
290,104.17.209.9,80,贵州省安顺市
291,49.89.103.182,8089,甘肃省嘉峪关市
292,185.195.106.231,23445,北京市市辖区
293,185.195.107.135,23445,四川省自贡市
294,210.211.122.169,8080,新疆维吾尔自治区昌吉回族自治州
295,185.195.106.200,23445,江西省景德镇市
296,162.159.242.66,80,湖南省衡阳市
297,139.64.135.45,80,黑龙江省鸡西市
298,172.67.160.226,80,广西壮族自治区南宁市
299,189.11.248.162,8080,宁夏回族自治区吴忠市
300,172.67.117.192,80,湖北省十堰市
301,87.103.173.158,8080,甘肃省嘉峪关市
302,104.16.7.80,80,福建省厦门市
303,172.67.181.170,80,宁夏回族自治区固原市
304,128.199.4.176,80,河北省邢台市
305,124.71.157.181,10443,河北省邯郸市
306,194.87.57.226,3128,浙江省杭州市
307,111.224.11.203,8089,浙江省湖州市
308,8.213.128.6,443,青海省海北藏族自治州
309,91.202.230.219,8080,天津市
310,43.153.181.217,80,西藏自治区山南地区
311,117.40.176.42,9091,福建省泉州市
312,172.67.183.130,80,甘肃省兰州市
313,52.54.58.234,80,云南省昭通市
314,185.195.106.250,23445,上海市
315,85.214.136.215,80,江苏省无锡市
316,120.202.128.112,9002,山西省长治市
317,78.46.200.37,80,海南省
318,104.20.0.87,80,新疆维吾尔自治区乌鲁木齐市
319,104.239.113.74,3199,陕西省宝鸡市
320,185.169.232.235,12000,河南省安阳市
321,1.1.1.20,80,贵州省安顺市
322,104.21.19.4,80,湖北省宜昌市
323,150.242.249.79,80,贵州省遵义市
324,34.85.18.251,8080,青海省西宁市
325,117.121.224.50,80,河北省邯郸市
326,203.28.8.252,80,云南省玉溪市
327,8.209.253.237,9002,上海市
328,104.19.186.16,80,广西壮族自治区南宁市
329,176.57.184.213,80,宁夏回族自治区吴忠市
330,203.24.109.143,80,广东省珠海市
331,136.226.18.238,80,广西壮族自治区梧州市
332,85.159.214.61,80,辽宁省鞍山市
333,212.101.74.75,443,江西省新余市
334,185.245.81.158,12444,浙江省温州市
335,104.129.202.169,8800,河南省平顶山市
336,203.30.191.46,80,天津市
337,198.12.148.76,80,四川省自贡市
338,104.129.198.133,8800,甘肃省嘉峪关市
339,203.24.103.237,80,黑龙江省双鸭山市
340,103.141.142.57,10035,宁夏回族自治区固原市
341,47.101.153.1,80,广东省珠海市
342,104.129.194.100,8800,河南省开封市
343,144.48.62.172,12000,湖南省邵阳市
344,27.72.149.205,8080,河北省邯郸市
345,185.195.105.164,12333,浙江省嘉兴市
346,185.245.81.140,12444,新疆维吾尔自治区乌鲁木齐市
347,185.162.231.106,80,内蒙古自治区包头市
348,206.81.11.75,80,河南省开封市
349,104.129.192.101,8800,四川省泸州市
350,45.8.104.9,80,四川省德阳市
351,68.183.128.249,80,天津市
352,20.239.2.157,80,江西省新余市
353,212.162.68.121,80,西藏自治区昌都地区
354,185.195.107.114,23445,云南省曲靖市
355,104.19.142.56,80,西藏自治区那曲地区
356,95.111.236.114,80,河南省洛阳市
357,45.137.40.69,8622,陕西省咸阳市
358,80.179.140.189,80,广东省汕头市
359,198.255.161.102,80,安徽省马鞍山市
360,185.174.109.250,41002,北京市市辖区
361,104.18.16.111,80,吉林省辽源市
362,202.162.216.186,80,黑龙江省双鸭山市
363,109.71.66.50,80,山西省大同市
364,52.43.43.201,80,新疆维吾尔自治区昌吉回族自治州
365,124.70.205.56,50001,安徽省马鞍山市
366,172.67.22.228,80,江西省萍乡市
367,110.242.49.227,8080,湖北省十堰市
368,156.38.221.194,80,海南省
369,216.10.0.43,3199,山西省阳泉市
370,103.81.194.68,80,新疆维吾尔自治区哈密地区
371,185.195.105.78,12333,北京市市辖区
372,103.124.136.14,80,山东省东营市
373,104.18.9.98,80,广东省珠海市
374,203.34.28.67,80,甘肃省金昌市
375,185.245.81.185,12444,江西省九江市
376,90.145.221.186,80,吉林省长春市
377,104.129.192.183,8800,北京市
378,51.222.158.127,80,天津市
379,104.26.14.126,80,江苏省南京市
380,109.254.75.200,9090,黑龙江省双鸭山市
381,202.72.220.83,80,上海市
382,162.159.242.62,80,湖北省襄樊市
383,116.203.193.173,80,宁夏回族自治区石嘴山市
384,95.211.4.70,80,山东省东营市
385,5.61.38.247,3128,福建省三明市
386,83.136.233.113,80,上海市
387,163.172.28.22,80,江苏省常州市
388,104.248.153.6,80,天津市
389,172.67.181.113,80,西藏自治区那曲地区
390,117.160.250.133,80,山东省济南市
391,185.193.75.155,3199,新疆维吾尔自治区吐鲁番地区
392,104.129.202.95,8800,四川省攀枝花市
393,18.191.216.4,80,安徽省芜湖市
394,47.253.214.60,8080,海南省海口市
395,104.20.149.112,80,山西省晋城市
396,119.13.103.211,20201,吉林省吉林市
397,104.129.206.68,8800,山东省枣庄市
398,165.22.6.199,80,新疆维吾尔自治区哈密地区
399,49.0.252.39,8080,新疆维吾尔自治区哈密地区
400,104.194.134.188,3199,宁夏回族自治区固原市
401,104.18.16.1,80,内蒙古自治区乌海市
402,138.197.27.127,80,湖北省宜昌市
403,34.192.172.235,80,黑龙江省双鸭山市
404,158.255.215.50,16993,内蒙古自治区呼和浩特市
405,172.67.181.181,80,浙江省嘉兴市
406,203.154.39.146,80,山西省太原市
407,3.144.148.186,80,辽宁省抚顺市
408,209.127.191.180,9279,上海市上海周边
409,185.195.106.251,23445,重庆市重庆周边
410,34.208.61.89,80,浙江省湖州市
411,216.137.184.253,80,贵州省铜仁地区
412,190.92.153.23,8080,黑龙江省鹤岗市
413,104.129.206.67,8800,安徽省蚌埠市
414,104.18.169.91,80,江苏省徐州市
415,104.129.194.103,8800,福建省厦门市
416,185.141.59.116,19596,北京市北京周边
417,188.114.97.20,80,四川省自贡市
418,201.244.108.141,8080,湖南省株洲市
419,199.188.93.237,8000,江苏省无锡市
420,34.195.223.83,80,广西壮族自治区北海市
421,52.44.43.132,80,辽宁省沈阳市
422,185.195.104.156,12333,辽宁省鞍山市
423,66.94.105.161,80,黑龙江省双鸭山市
424,185.195.105.184,12333,福建省三明市
425,47.109.51.138,80,黑龙江省哈尔滨市
426,185.215.235.190,80,湖南省邵阳市
427,88.199.164.154,8080,广东省珠海市
428,138.43.105.139,80,西藏自治区那曲地区
429,104.129.206.159,8800,上海市市辖区
430,144.48.60.111,12444,青海省海东地区
431,203.30.189.145,80,安徽省芜湖市
432,185.169.232.233,12000,四川省攀枝花市
433,185.195.105.231,12333,安徽省合肥市
434,110.242.49.230,80,西藏自治区拉萨市
435,193.62.42.46,80,云南省玉溪市
436,213.74.218.216,8080,辽宁省本溪市
437,5.189.133.231,80,四川省成都市
438,35.200.95.92,80,甘肃省兰州市
439,162.159.248.1,80,新疆维吾尔自治区昌吉回族自治州
440,161.97.146.221,80,新疆维吾尔自治区乌鲁木齐市
441,103.197.251.202,80,吉林省通化市
442,203.30.189.4,80,甘肃省白银市
443,151.248.112.239,80,山西省晋城市
444,185.195.107.180,23445,天津市
445,165.22.252.119,80,云南省玉溪市
446,144.48.62.253,12000,内蒙古自治区呼和浩特市
447,149.56.45.63,80,山东省青岛市
448,203.24.109.16,80,四川省泸州市
449,45.8.105.239,80,广西壮族自治区桂林市
450,218.59.139.238,80,广西壮族自治区南宁市
451,185.195.104.34,12333,四川省成都市
452,185.195.107.103,23445,重庆市市辖区
453,123.56.13.137,80,吉林省四平市
454,181.177.73.37,3199,广东省深圳市
455,104.129.206.107,8800,宁夏回族自治区中卫市
456,104.254.246.179,80,青海省西宁市
457,104.129.198.247,8800,四川省成都市
458,8.210.19.205,80,甘肃省金昌市
459,172.67.182.138,80,山西省晋城市
460,104.18.186.120,80,江西省九江市
461,104.16.85.20,80,福建省泉州市
462,172.67.218.192,80,河南省洛阳市
463,104.129.198.134,8800,上海市
464,39.175.92.35,30001,内蒙古自治区赤峰市
465,104.16.157.77,80,上海市
466,172.67.182.125,80,贵州省遵义市
467,104.129.198.150,8800,云南省曲靖市
468,104.19.130.80,80,贵州省安顺市
469,104.129.206.176,8800,陕西省咸阳市
470,104.129.196.34,8800,广西壮族自治区北海市
471,104.16.89.20,80,江苏省无锡市
472,13.51.131.184,80,辽宁省本溪市
473,120.28.57.114,80,山东省青岛市
474,104.129.198.146,8800,重庆市市
475,203.34.28.94,80,浙江省宁波市
476,103.106.219.215,8080,浙江省宁波市
477,172.67.182.111,80,河南省平顶山市
478,49.0.64.120,80,天津市
479,104.129.206.117,8800,湖北省十堰市
480,51.195.90.125,80,海南省海口市
481,104.129.206.103,8800,山西省阳泉市
482,106.14.255.124,80,福建省厦门市
483,138.201.132.168,8118,上海市
484,104.129.206.134,8800,甘肃省兰州市
485,103.214.186.194,8080,湖北省襄樊市
486,139.59.1.14,3128,北京市
487,157.100.26.69,80,黑龙江省哈尔滨市
488,138.68.60.8,8080,江苏省常州市
489,104.129.198.213,8800,吉林省四平市
490,104.129.192.79,8800,江苏省无锡市
491,103.158.124.83,80,广东省深圳市
492,152.228.163.151,80,重庆市重庆周边
493,103.48.68.34,83,广东省珠海市
494,138.68.75.207,80,河北省邯郸市
495,139.255.109.27,8080,陕西省渭南市
496,80.89.198.229,80,辽宁省抚顺市
497,142.93.96.120,80,福建省莆田市
498,219.120.3.219,80,吉林省通化市
499,182.53.50.2,3128,河南省郑州市
500,128.171.177.35,80,宁夏回族自治区中卫市
501,104.129.198.214,8800,湖南省湘潭市
502,104.129.205.4,8800,青海省海南藏族自治州
503,104.129.198.217,8800,湖北省襄樊市
504,135.181.35.134,80,海南省海口市
505,132.226.5.252,80,贵州省贵阳市
506,203.113.167.3,80,山西省长治市
507,104.129.206.125,8800,陕西省咸阳市
508,14.102.13.193,8080,广东省汕头市
509,118.174.142.242,8080,浙江省宁波市
510,198.16.61.179,80,内蒙古自治区包头市
511,203.22.223.76,80,重庆市重庆周边
512,47.74.152.29,8888,贵州省铜仁地区
513,43.229.50.122,443,河南省洛阳市
514,141.95.53.191,8081,上海市
515,139.162.151.176,8118,福建省泉州市
516,149.19.34.150,80,江西省萍乡市
517,203.28.9.10,80,吉林省四平市
518,68.183.200.41,80,江苏省南京市
519,8.213.128.253,80,新疆维吾尔自治区哈密地区
520,139.59.16.95,80,广西壮族自治区梧州市
521,106.249.44.10,3128,四川省泸州市
522,104.129.204.41,8800,山西省阳泉市
523,104.129.202.75,8800,北美地区
524,202.44.193.119,8080,泰国
525,104.129.206.112,8800,北美地区
526,104.129.202.80,8800,北美地区
527,180.183.102.178,8080,泰国
528,23.226.117.85,8080,北美地区
529,85.255.11.185,80,波兰
530,104.129.205.29,8800,北美地区
531,104.129.206.79,8800,北美地区
532,104.129.198.116,8800,北美地区
533,54.38.188.166,80,美国
534,104.129.205.140,8800,北美地区
535,115.127.162.234,8080,孟加拉
536,104.129.206.171,8800,北美地区
537,104.129.206.111,8800,北美地区
538,104.129.198.250,8800,北美地区
539,172.64.137.4,80,北美地区
540,54.174.230.114,80,美国
541,203.30.190.86,80,澳大利亚
542,52.87.85.141,80,美国
543,104.129.204.60,8800,北美地区
544,104.129.199.32,8800,北美地区
545,203.30.188.72,80,澳大利亚
546,104.129.192.115,8800,北美地区
547,13.127.109.61,80,美国
548,104.129.194.209,8800,北美地区
549,104.129.198.228,8800,北美地区
550,104.129.206.119,8800,北美地区
551,104.129.206.166,8800,北美地区
552,136.228.232.11,80,美国
553,88.255.101.228,8080,土耳其
554,71.229.1.240,80,美国
555,203.23.103.111,80,澳大利亚
556,104.129.198.149,8800,北美地区
557,36.89.252.155,8080,印度尼西亚
558,104.129.199.10,8800,北美地区
559,104.129.205.12,8800,北美地区
560,198.59.191.234,8080,美国
561,104.129.202.82,8800,北美地区
562,104.129.206.88,8800,北美地区
563,104.129.204.54,8800,北美地区
564,104.129.199.5,8800,北美地区
565,82.146.42.187,80,俄罗斯
566,104.129.192.186,8800,北美地区
567,104.129.204.80,8800,北美地区
568,104.129.205.113,8800,北美地区
569,104.129.206.172,8800,北美地区
570,104.129.204.132,8800,北美地区
571,195.28.131.100,8080,斯洛伐克
572,104.129.198.106,8800,北美地区
573,221.122.91.65,80,北京市
574,177.153.50.113,80,巴西
575,104.129.199.8,8800,北美地区
576,88.99.25.49,80,英国
577,183.88.210.77,8080,泰国
578,203.76.117.18,8080,孟加拉
579,45.70.14.228,999,IANA
580,199.188.92.8,8000,美国
581,104.19.179.90,80,美国
582,104.129.206.123,8800,北美地区
583,104.129.205.45,8800,北美地区
584,80.244.35.146,8080,俄罗斯
585,36.94.48.188,2021,印度尼西亚
586,104.129.204.71,8800,北美地区
587,104.129.198.49,8800,北美地区
588,104.129.206.162,8800,北美地区
589,104.129.206.165,8800,北美地区
590,181.78.15.105,999,拉美地区
591,104.129.198.71,8800,北美地区
592,104.129.198.94,8800,北美地区
593,104.129.192.175,8800,北美地区
594,136.243.125.2,80,德国
595,104.129.202.131,8800,北美地区
596,104.129.206.174,8800,北美地区
597,194.67.109.62,80,俄罗斯
598,41.77.188.178,80,几内亚
599,104.129.194.46,8800,北美地区
600,91.121.89.117,80,法国
601,91.189.177.188,3128,挪威
602,104.129.205.48,8800,北美地区
603,172.67.21.175,80,北美地区
604,49.212.162.37,80,日本
605,82.146.49.211,80,俄罗斯
606,104.129.206.170,8800,北美地区
607,161.35.4.201,80,美国
608,83.220.175.9,80,俄罗斯
609,104.129.206.127,8800,北美地区
610,187.125.23.26,8080,巴西
611,60.205.132.71,80,广东省深圳市
612,103.5.232.145,8080,孟加拉
613,87.106.157.54,80,德国
614,185.38.111.1,8080,欧洲
615,104.248.160.192,80,北美地区
616,104.129.206.192,8800,北美地区
617,60.216.20.210,8001,山东省济南市
618,139.99.102.114,80,美国
619,206.189.95.220,80,美国
620,198.11.178.14,8080,美国
621,108.61.187.98,8080,美国
622,74.208.83.188,80,美国
623,93.126.62.44,80,伊朗
624,195.154.45.15,8080,法国
625,61.7.138.222,8080,泰国
626,195.20.152.118,8080,匈牙利
627,178.128.211.13,0,希腊
628,103.239.254.161,8080,亚太地区
629,116.209.53.128,9999,湖北省仙桃市
630,103.78.73.18,8080,亚太地区
631,208.180.235.95,8080,美国
632,94.74.191.236,80,伊朗
633,40.118.45.147,3128,美国
634,94.74.191.99,80,伊朗
635,94.74.191.83,80,伊朗
636,50.224.173.179,8080,美国
637,221.122.91.60,80,北京市
638,94.74.191.92,80,伊朗
639,198.199.74.62,8080,美国
640,138.201.113.121,80,德国
641,185.119.121.10,0,欧洲和中东地区
642,139.59.81.158,80,澳大利亚
643,27.120.94.8,3128,日本
644,74.82.50.155,3128,美国
645,178.49.139.13,80,俄罗斯
646,50.201.51.216,8080,美国
647,201.18.98.18,8080,巴西
648,212.129.17.35,8080,法国
649,46.101.131.19,0,俄罗斯
650,117.58.241.70,8080,孟加拉
651,35.176.142.40,80,美国
652,82.76.40.4,443,罗马尼亚
653,54.38.156.250,80,美国
654,192.155.185.42,80,美国
655,213.6.193.218,80,巴勒斯坦
656,94.74.191.52,80,伊朗
657,192.155.185.171,80,美国
658,162.251.159.17,8080,北美地区
659,103.211.143.9,80,亚太地区
660,85.93.177.178,80,捷克
661,206.189.95.76,3128,美国
662,77.65.69.74,8080,波兰
663,192.155.185.137,80,美国
664,144.217.233.5,80,美国
665,192.155.185.197,80,美国
666,113.65.161.136,9797,广东省广州市
667,172.247.251.52,80,美国
668,172.247.251.120,80,美国
669,192.155.185.5,80,美国
670,192.155.185.169,80,美国
671,172.247.251.47,80,美国
672,172.247.251.24,80,美国
673,128.199.192.236,80,新加坡
674,155.93.140.5,8080,北美地区
675,219.127.253.43,80,日本
676,91.215.176.27,81,白俄罗斯
677,187.12.20.42,8080,巴西
678,103.16.61.134,8080,柬埔寨
679,199.195.119.37,80,美国
680,61.247.187.166,8080,孟加拉
681,37.228.89.215,80,俄罗斯
682,58.147.173.33,8080,孟加拉
683,178.62.89.178,80,俄罗斯
684,179.191.12.24,80,巴西
685,210.184.153.80,8080,香港
686,151.80.197.192,80,意大利
687,58.147.173.193,8080,孟加拉
688,36.66.242.146,8080,印度尼西亚
689,93.190.142.240,80,荷兰
690,200.223.198.178,8080,巴西
691,210.138.113.170,80,日本
692,198.24.32.99,80,美国
693,183.89.48.67,8080,泰国
694,130.0.26.226,8080,阿尔巴尼亚
695,82.165.151.230,80,德国
696,45.32.160.198,8080,美国
697,114.236.92.147,8080,江苏省盐城市
698,111.13.2.138,80,北京市
699,177.69.87.138,80,巴西
700,111.161.120.55,8081,天津市
701,45.76.156.15,80,IANA
702,190.210.37.42,8080,阿根廷
703,159.203.48.136,80,美国
704,62.210.51.150,80,法国
705,182.92.242.11,80,浙江省杭州市
706,149.202.191.73,80,德国
707,115.220.1.136,808,浙江省宁波市
708,104.129.204.114,8800,北美地区
709,152.92.200.4,80,巴西
710,1.82.216.134,80,陕西省宝鸡市
711,114.99.3.53,808,安徽省安庆市
712,34.248.210.26,80,美国
713,124.161.16.87,8080,四川省成都市
714,59.110.154.57,80,广东省深圳市
715,36.37.134.18,80,柬埔寨
716,124.161.16.88,8080,四川省成都市
717,82.165.100.74,80,德国
718,160.16.201.63,80,日本
719,5.196.71.238,80,德国
720,213.108.201.82,80,俄罗斯
721,89.108.105.33,80,俄罗斯
722,134.35.107.169,8080,美国
723,138.201.198.49,80,德国
724,181.40.78.174,3128,巴拉圭
725,144.76.106.53,80,德国
726,119.42.86.122,8080,泰国
727,131.72.68.241,8082,美国
728,78.138.128.122,8080,俄罗斯
729,125.253.122.110,3128,越南
730,177.54.107.85,8082,巴西
731,107.180.75.19,80,北美地区
732,52.67.32.224,80,美国
733,128.199.169.17,80,新加坡
734,186.4.226.61,80,厄瓜多尔
735,36.42.32.206,8080,陕西省宝鸡市
736,58.83.141.74,80,北京市
737,58.83.141.75,80,北京市
738,1.163.225.147,8080,台湾省
739,37.235.54.119,3128,欧洲
740,213.80.136.162,80,俄罗斯
741,60.211.209.37,8080,山东省济宁市
742,187.254.79.58,8080,墨西哥
743,138.99.65.14,8080,北美地区
744,52.67.9.181,80,美国
745,213.14.64.139,8080,土耳其
746,94.23.17.157,80,法国
747,195.246.8.7,80,斯洛文尼亚
748,94.23.103.152,80,法国
749,141.0.11.241,80,美国
750,152.92.200.2,80,巴西
751,185.26.181.241,80,挪威
752,195.120.185.218,80,意大利
753,189.8.82.82,80,巴西
754,1.34.223.104,80,台湾省
755,141.0.11.253,80,美国
756,141.0.11.244,80,美国
757,111.23.6.140,80,湖南省邵阳市
758,31.146.172.46,80,格鲁吉亚
759,31.169.83.193,80,土耳其
760,149.154.64.225,80,俄罗斯
761,141.0.11.243,80,美国
762,114.35.176.57,80,台湾省
763,110.232.78.61,8080,印度尼西亚
764,83.218.162.30,8080,奥地利
765,203.142.71.196,8080,印度尼西亚
766,58.42.11.185,80,贵州省遵义市
767,218.244.142.198,80,北京市
768,178.62.223.104,80,俄罗斯
769,209.79.65.140,8080,美国
770,117.34.112.161,80,陕西省渭南市
771,103.37.1.2,80,香港
772,115.28.137.244,80,山东省青岛市
773,119.29.2.74,80,广东省广州市海珠区
774,198.2.202.57,80,美国
775,85.214.138.200,80,德国
776,202.103.215.199,80,广西北海市
777,42.81.16.145,80,天津市
778,42.81.15.81,80,天津市
779,182.150.1.126,80,四川省成都市
780,182.150.0.122,80,四川省成都市
781,151.80.35.146,80,意大利
782,182.150.1.12,80,四川省成都市
783,182.162.141.7,80,韩国
784,186.155.202.31,80,哥伦比亚
785,219.141.152.204,80,北京市
786,59.120.22.30,8080,台湾省
787,121.40.250.25,80,浙江省杭州市
788,176.106.144.124,8080,俄罗斯
789,122.96.60.181,80,江苏省南京市
790,188.165.141.151,80,法国
791,202.108.35.151,80,北京市
792,167.114.67.197,80,美国
793,1.34.199.15,80,台湾省
794,117.34.17.177,80,陕西省西安市
795,103.243.25.186,80,亚太地区
796,121.101.131.156,8080,印度尼西亚
797,152.92.200.73,80,巴西
798,111.1.36.167,80,浙江省杭州市
799,111.161.65.79,80,天津市
800,218.4.236.117,80,江苏省苏州市
801,122.193.203.205,80,江苏省
802,122.193.203.226,80,江苏省
803,122.193.203.222,80,江苏省
804,211.150.65.29,80,北京市
805,74.207.248.61,80,美国
806,220.181.111.146,80,北京市
807,117.78.16.55,80,河北省廊坊市
808,177.129.176.20,8080,巴西
809,120.24.159.147,80,北京市
810,220.181.111.42,80,北京市
811,123.57.6.91,80,江苏省南京市
812,220.181.111.111,80,北京市
813,182.92.64.30,8080,浙江省杭州市
814,115.29.144.70,80,山东省青岛市
